id,model,chain,resn,resi,chi1,altchi1,chi2,altchi2
2o9s,0,A,ILE,819,-70.03867901120465,,-65.950244765792,
2o9s,0,A,ASP,820,174.884203658964,,-11.73326501930283,166.7547095799019
2o9s,0,A,PRO,821,26.725552935544393,,-36.511523700303194,
2o9s,0,A,PHE,822,-79.38829901334545,,60.321055523189415,-118.39318632603695
2o9s,0,A,THR,823,66.40469955958828,,,
2o9s,0,A,GLU,825,-65.62846654685292,,-79.55381503868846,
2o9s,0,A,ILE,827,-54.34359242949096,,-63.6779397887584,
2o9s,0,A,LYS,829,179.4017717548285,,-177.0438281702581,
2o9s,0,A,PHE,830,-57.462402145259055,,112.72744977197462,-67.91003326016958
2o9s,0,A,ASN,831,-65.23383872468227,,0.31308200809272413,
2o9s,0,A,PHE,832,176.72523689961963,,67.70563152135398,-110.80267110605853
2o9s,0,A,ASN,833,-75.51576346662934,,-11.252007291231518,
2o9s,0,A,ASP,835,-76.01794812150474,,-10.273568235060676,168.39700875387334
2o9s,0,A,THR,836,68.98609567967723,,,
2o9s,0,A,GLN,837,-176.3385603804501,,-86.64753359090108,
2o9s,0,A,VAL,838,-51.38894424234654,68.2340827622586,,
2o9s,0,A,GLU,839,-59.83897007707004,,-178.8329094979692,
2o9s,0,A,MET,840,179.54517058741342,,179.02282725115788,
2o9s,0,A,SER,841,-58.19791788212284,,,
2o9s,0,A,PHE,842,52.551490032557155,,77.39236684898621,-102.89785282213121
2o9s,0,A,ARG,843,-76.22745357902127,,172.40522035849534,
2o9s,0,A,LYS,844,179.74551449468055,,174.58263603793537,
2o9s,0,A,GLU,846,-64.93798433666333,,-166.56146796479356,
2o9s,0,A,ARG,847,-179.02063870224055,,167.27696879237942,
2o9s,0,A,ILE,848,-60.70674129337558,,163.64226881811538,
2o9s,0,A,THR,849,-71.00964561763337,,,
2o9s,0,A,LEU,850,-55.621509175592394,,176.53736901072122,-60.70802188624388
2o9s,0,A,LEU,851,-61.88971334957828,,171.9383377721833,-63.657615634398866
2o9s,0,A,ARG,852,-171.1543164129798,,66.25098816896187,
2o9s,0,A,GLN,853,-167.09528072659344,,-179.3247700950518,
2o9s,0,A,VAL,854,-65.90956401163702,59.47854289846802,,
2o9s,0,A,ASP,855,74.11226737336527,,1.7069404684790095,-178.7233661907096
2o9s,0,A,GLU,856,70.51226132515023,,-76.44922462610846,
2o9s,0,A,ASN,857,-62.35156322232439,,-45.89367033310451,
2o9s,0,A,TRP,858,-65.04281337840149,,84.25634649747612,
2o9s,0,A,TYR,859,-81.9932046209525,,115.75667713383211,-66.98646756545902
2o9s,0,A,GLU,860,-179.30521459687196,,-164.17398975202153,
2o9s,0,A,ARG,862,63.10813635221893,,-172.77192010933052,
2o9s,0,A,ILE,863,-66.67535812665628,,170.1659586137021,
2o9s,0,A,PRO,864,25.944500177352012,,-38.86453181695839,
2o9s,0,A,THR,866,79.84383777549934,,,
2o9s,0,A,SER,867,59.51961947643243,,,
2o9s,0,A,ARG,868,-60.726996354039926,,153.9812523542951,
2o9s,0,A,GLN,869,176.56464638820097,,163.9927686140747,
2o9s,0,A,ILE,871,65.97290597412605,,169.5543980820674,
2o9s,0,A,PHE,872,53.619434522047165,,89.68348816021245,-88.28045707071993
2o9s,0,A,PRO,873,-12.836704502305325,,30.563754381546882,
2o9s,0,A,ILE,874,-60.436738994670485,,162.0971718171408,
2o9s,0,A,THR,875,-84.04669026285771,,,
2o9s,0,A,TYR,876,-70.60165904575878,,76.51386181272862,-101.02635965657221
2o9s,0,A,VAL,877,-61.74974154401334,62.62106099135422,,
2o9s,0,A,ASP,878,-78.27824622893986,,-52.92406386560104,123.06331889525374
2o9s,0,A,VAL,879,175.10722066427664,-61.60365425944565,,
2o9s,0,A,ILE,880,-51.73057532134609,,-54.973349969658905,
2o9s,0,A,LYS,881,179.60318200753636,,169.8709763362706,
2o9s,0,A,ARG,882,-72.4840163367395,,-174.13620310271654,
2o9s,0,A,PRO,883,13.31455623924599,,-13.06910400506386,
2o9s,0,A,LEU,884,-57.46190896848645,,174.82050558804409,-62.69367953649525
